Aberdare, Glamorgan, Wales, United Kingdom
Aberdeen, Bingham, Idaho, United States
Abicel, Union, Oregon, United States
Abraham, Millard, Utah, United States
Acequia, Minidoka, Idaho, United States
Adamsville, Beaver, Utah, United States
Aetna, Cardston County, Alberta, Canada
Afton, Lincoln, Wyoming, United States
Akron, Summit, Ohio, United States
Alameda, Bannock, Idaho, United States
Alamo, Lincoln, Nevada, United States
Alamosa, Alamosa, Colorado, United States
Albion, Cassia, Idaho, United States
Albuquerque, Bernalillo, New Mexico, United States
Alhambra, Los Angeles, California, United States
Alicel, Union, Oregon, United States
Alliance, Jackson, Florida, United States
Allison, McKinley, New Mexico, United States
Alltwen, Glamorgan, Wales, United Kingdom
Alma, Maricopa, Arizona, United States
Almo, Cassia, Idaho, United States
Almy, Uinta, Wyoming, United States
Alpine, Apache, Arizona, United States
Alpine, Utah, Utah, United States
Alta, Teton, Wyoming, United States
Altha, Calhoun, Florida, United States
Alton, Bear Lake, Idaho, United States
Alton, Kane, Utah, United States
Altona, Hamburg, Germany
Altonah, Duchesne, Utah, United States
Amalga, Cache, Utah, United States
American Falls, Power, Idaho, United States
American Fork, Utah, Utah, United States
Amity, Apache, Arizona, United States
Amityville, Long Island, New York, United States
Ammon, Bonneville, Idaho, United States
Amroth, Pembrokeshire, Wales, United Kingdom
Amsterdam, North Holland, Netherlands
Anabelle, Sevier, Utah, United States
Anaheim, Orange, California, United States
Angle, Piute, Utah, United States
Annabella, Sevier, Utah, United States
Annis, Jefferson, Idaho, United States
Antelope, Bonneville, Idaho, United States
Antimony, Garfield, Utah, United States
Antonito, Conejos, Colorado, United States
Arbon, Power, Idaho, United States
Arcadia, Duchesne, Utah, United States
Archer, Madison, Idaho, United States
Arco, Butte, Idaho, United States
Aremark, Viken, Norway
Arimo, Bannock, Idaho, United States
Artesia, Los Angeles, California, United States
Ashton, Fremont, Idaho, United States
Ashurst, Graham, Arizona, United States
Auburn, Lincoln, Wyoming, United States
Auckland, Auckland, New Zealand
Aurora, Sevier, Utah, United States
Austin, Grant, Oregon, United States
Austin, Sevier, Utah, United States
Avon, Cache, Utah, United States
Axson, Atkinson, Georgia, United States
Axtell, Sanpete, Utah, United States
Aztec, San Juan, New Mexico, United States
Baker City, Baker, Oregon, United States
Bakersfield, Kern, California, United States
Baldwin Park, Los Angeles, California, United States
Bancroft, Bannock, Idaho, United States
Banida, Franklin, Idaho, United States
Bannock, Power, Idaho, United States
Bannock, San Bernardino, California, United States
Barclay, Lincoln, Utah, United States
Barnwell, MD of Taber, Alberta, Canada
Basalt, Bingham, Idaho, United States
Basel, Basel-Stadt, Switzerland
Basin, Big Horn, Wyoming, United States
Basin, Cassia, Idaho, United States
Bates, Teton, Idaho, United States
Batesville, Tooele, Utah, United States
Bear Lake, Bear Lake, Idaho, United States
Bear River City, Box Elder, Utah, United States
Beaver Dam, Box Elder, Utah, United States
Beaver, Beaver, Utah, United States
Beazer, Cardston County, Alberta, Canada
Bedford, Lincoln, Wyoming, United States
Bellevue, Blaine, Idaho, United States
Bellflower, Los Angeles, California, United States
Bellingham, Whatcom, Washington, United States
Belvedere, Marin, California, United States
Bench Creek, Wasatch, Utah, United States
Bench, Caribou, Idaho, United States
Bench, Uinta, Wyoming, United States
Bend, Deschutes, Oregon, United States
Benjamin, Utah, Utah, United States
Benmore, Tooele, Utah, United States
Bennett, Uintah, Utah, United States
Bennington, Bear Lake, Idaho, United States
Bennion, Salt Lake, Utah, United States
Benson, Cache, Utah, United States
Benson, Cochise, Arizona, United States
Benton, Fremont, Idaho, United States
Berkeley, Alameda, California, United States
Berlin, Germany
Bern, Bear Lake, Idaho, United States
Beverly Hills, Los Angeles, California, United States
Bicknell, Wayne, Utah, United States
Biggs, Butte, California, United States
Bingham Canyon, Salt Lake, Utah, United States
Binghampton, Pima, Arizona, United States
Birmingham, West Midlands, England, United Kingdom
Bisbee, Cochise, Arizona, United States
Black Pine, Oneida, Idaho, United States
Blackfoot, Bingham, Idaho, United States
Blaine, Davis, Utah, United States
Blanding, San Juan, Utah, United States
Blind Springs, Box Elder, Utah, United States
Bloomfield, San Juan, New Mexico, United States
Bloomington, Bear Lake, Idaho, United States
Bluebell, Duchesne, Utah, United States
Bluewater, Cibola, New Mexico, United States
Bluff, San Juan, Utah, United States
Bluffdale, Salt Lake, Utah, United States
Boise, Ada, Idaho, United States
Boneta, Duchesne, Utah, United States
Borough of Somerdale, Camden, New Jersey, United States
Boston, Suffolk, Massachusetts, United States
Bothwell, Box Elder, Utah, United States
Boulder City, Clark, Nevada, United States
Boulder, Garfield, Utah, United States
Bountiful, Davis, Utah, United States
Box Elder, Box Elder, Utah, United States
Bradford, Yorkshire, England, United Kingdom
Bramwell, Gem, Idaho, United States
Brancrof, Bannock, Idaho, United States
Brant, Vulcan County, Alberta, Canada
Brawley, Imperial, California, United States
Breen, La Plata, Colorado, United States
Breslau, Silesia, Prussia, Germany
Bridger, Uinta, Wyoming, United States
Brigham City, Box Elder, Utah, United States
Brighton, Salt Lake, Utah, United States
Brisbane, Queensland, Australia
Broadway, Maricopa, Arizona, United States
Brooklyn, Kings, New York, United States
Bryan, Bingham, Idaho, United States
Bryce, Graham, Arizona, United States
Buckhorn Springs, Iron, Utah, United States
Buhl, Twin Falls, Idaho, United States
Buist, Oneida, Idaho, United States
Bull Run, Clackamas, Oregon, United States
Bunkerville, Clark, Nevada, United States
Burbank, Los Angeles, California, United States
Burch Creek, Weber, Utah, United States
Burdett, County of Forty Mile No. 8, Alberta, Canada
Burley, Cassia, Idaho, United States
Burlingame, San Mateo, California, United States
Burlington, Big Horn, Wyoming, United States
Burrville, Sevier, Utah, United States
Burton, Madison, Idaho, United States
Busyville, Wasatch, Utah, United States
Butlerville, Salt Lake, Utah, United States
Butte, Silver Bow, Montana, United States
Bybee, Fremont, Idaho, United States
Bynum, Teton, Montana, United States
Byron, Big Horn, Wyoming, United States
Cache Junction, Cache, Utah, United States
Cache, Madison, Idaho, United States
Caineville, Wayne, Utah, United States
Calcutta, West Bengal, India
Calders Station, Salt Lake, Utah, United States
Caldwell, Ada, Idaho, United States
Caldwell, Cardston County, Alberta, Canada
Calgary, Alberta, Canada
Caliente, Lincoln, Nevada, United States
Calls Fort, Box Elder, Utah, United States
Cambridge, Bannock, Idaho, United States
Cane Beds, Mohave, Arizona, United States
Cannonville, Garfield, Utah, United States
Canyon Creek, Madison, Idaho, United States
Cape Town, Western Cape, South Africa
Cardiff, Wales, United Kingdom
Cardston, Cardston County, Alberta, Canada
Carey, Blaine, Idaho, United States
Casa Grande, Pinal, Arizona, United States
Castle Dale, Emery, Utah, United States
Castle Gate, Carbon, Utah, United States
Cavalry Post, Fort San Antonio, Texas, United States
Cedar City, Iron, Utah, United States
Cedar Fort, Utah, Utah, United States
Cedar, Iron, Wyoming, United States
Cedarhill, Oneida, Idaho, United States
Cederview, Duchesne, Utah, United States
Cedron, Teton, Idaho, United States
Center Creek, Wasatch, Utah, United States
Centerfield, Sanpete, Utah, United States
Centerville, Davis, Utah, United States
Central Valley, Sevier, Utah, United States
Central, Bannock, Idaho, United States
Central, Graham, Arizona, United States
Centrolia, Lewis, Washington, United States
Champion, Vulcan County, Alberta, Canada
Chandler, Maricopa, Arizona, United States
Chapin, Fremont, Idaho, United States
Charleston, Forsyth, North Carolina, United States
Charleston, Wasatch, Utah, United States
Charlo, Missoula, Montana, United States
Cheltenham, Gloucestershire, England, United Kingdom
Chemnitz, Saxony, Germany
Cheney, Teton, Wyoming, United States
Cherry Creek, Oneida, Idaho, United States
Chester, Fremont, Idaho, United States
Chester, Sanpete, Utah, United States
Chesterfield, Caribou, Idaho, United States
Chesterfield, Salt Lake, Utah, United States
Chevy Chase, Montgomery, Maryland, United States
Chicago, Cook, Illinois, United States
Chihuahua, Chihuahua, Chihuahua, Mexico
Chino Valley, Yavapai, Arizona, United States
Chino, San Bernardino, California, United States
Chinook, Blaine, Montana, United States
Circleville, Piute, Utah, United States
Claresholm, MD of Willow Creek No. 26, Alberta, Canada
Clark, Jefferson, Idaho, United States
Clarkston, Cache, Utah, United States
Clawson, Emery, Utah, United States
Clawson, Teton, Idaho, United States
Clay Springs, Navajo, Arizona, United States
Clearfield, Davis, Utah, United States
Clementsville, Teton, Idaho, United States
Cleveland, Emery, Utah, United States
Cleveland, Franklin, Idaho, United States
Clifton, Franklin, Idaho, United States
Clinton, Davis, Utah, United States
Clover Valley, Lincoln, Nevada, United States
Clover, Tooele, Utah, United States
Cluff, Summit, Utah, United States
Coalville, Summit, Utah, United States
Cody, Park, Wyoming, United States
Coeur d'Alene, Kootenai, Idaho, United States
Cokeville, Lincoln, Wyoming, United States
College Ward, Cache, Utah, United States
Collinston, Box Elder, Utah, United States
Colonia Chuichupa, Chihuahua, Mexico
Colonia Diaz, Chihuahua, Mexico
Colonia Dublan, Chihuahua, Mexico
Colonia Garcia, Chihuahua, Mexico
Colonia Guadalupe, Chihuahua, Mexico
Colonia Juarez, Chihuahua, Mexico
Colonia Morales, Sonora, Mexico
Colonia Oaxaca, Sonora, Mexico
Colonia Pacheco, Chihuahua, Mexico
Colonia San Jose, Sonora, Mexico
Coltman, Bonneville, Idaho, United States
Commerce, Lethbridge County, Alberta, Canada
Common, Bannock, Idaho, United States
Compton, Los Angeles, California, United States
Concho, Apache, Arizona, United States
Copenhagen, Copenhagen, Denmark
Corinne, Box Elder, Utah, United States
Cornish, Cache, Utah, United States
Cortez, Montezuma, Colorado, United States
Cove Creek, Millard, Utah, United States
Cove, Bannock, Idaho, United States
Cove, Cache, Utah, United States
Cove, Union, Oregon, United States
Cowley, Big Horn, Wyoming, United States
Coyote, Garfield, Utah, United States
Crescent, Salt Lake, Utah, United States
Crockett, Contra Costa, California, United States
Croydon, Morgan, Utah, United States
Crystal, Power, Idaho, United States
Cumberland, Lincoln, Wyoming, United States
Curlew, Box Elder, Utah, United States
Cwm Celyn, Monmouthshire, Wales, United Kingdom
Cwmbach, Glamorgan, Wales, United Kingdom
Dallas, Dallas, Texas, United States
Daniel, Wasatch, Utah, United States
Darby, Teton, Idaho, United States
Darlington, Butte, Idaho, United States
Davenport, Scott, Iowa, United States
Dayton, Franklin, Idaho, United States
Declo, Cassia, Idaho, United States
Delhe, Merced, California, United States
Delta, Millard, Utah, United States
Deming, Luna, New Mexico, United States
Dempsey, Bannock, Idaho, United States
Den Helder, North Holland, Netherlands
Denver, Denver, Colorado, United States
Deseret, Millard, Utah, United States
Desert Lake, Emery, Utah, United States
Detroit, Wayne, Michigan, United States
Devils Slide, Morgan, Utah, United States
Deweyville, Box Elder, Utah, United States
Diamondville, Lincoln, Wyoming, United States
Dingle, Bear Lake, Idaho, United States
Donna, Hidalgo, Texas, United States
Douglas Judicial Township, San Joaquin, California, United States
Douglas, Cochise, Arizona, United States
Dowlais, Glamorgan, Wales, United Kingdom
Downey, Bannock, Idaho, United States
Draper, Salt Lake, Utah, United States
Driggs, Teton, Idaho, United States
Drummond, Fremont, Idaho, United States
Duchesne, Duchesne, Utah, United States
Duncan's Retreat, Washington, Utah, United States
Duncan, Greenlee, Arizona, United States
Dundee, Scotland, United Kingdom
Durango, La Plata, Colorado, United States
Eagar, Apache, Arizona, United States
Eagleville, Iron, Utah, United States
East Coalville, Summit, Utah, United States
East Dale, Costilla, Colorado, United States
East Garland, Box Elder, Utah, United States
East Jordan, Salt Lake, Utah, United States
East Los Angeles, Los Angeles, California, United States
Eastdale, Costilla, Colorado, United States
Eastmont, Los Angeles, California, United States
Easton, Weber, Utah, United States
Eaton, Weld, Colorado, United States
Echo, Summit, Utah, United States
Eden, Graham, Arizona, United States
Eden, Weber, Utah, United States
Edmunds, Fremont, Idaho, United States
Egar, Apache, Arizona, United States
Egin, Fremont, Idaho, United States
El Paso, El Paso, Texas, United States
El Segundo, Los Angeles, California, United States
Elba, Cassia, Idaho, United States
Elberfeld, Wuppertal, North Rhine-Westphalia, Germany
Elberta, Utah, Utah, United States
Elfrida, Cochise, Arizona, United States
Elgin, Fremont, Idaho, United States
Elgin, Grand, Utah, United States
Elgin, Union, Oregon, United States
Elko, Elko, Nevada, United States
Elmo, Emery, Utah, United States
Elsinore, Sevier, Utah, United States
Elva, Bingham, Idaho, United States
Elwood, Box Elder, Utah, United States
Ely, White Pine, Nevada, United States
Emerson, Minidoka, Idaho, United States
Emerson, Salt Lake, Utah, United States
Emery, Emery, Utah, United States
Emmett, Gem, Idaho, United States
Empire, Dodge, Georgia, United States
Enoch, Iron, Utah, United States
Enterprise, Morgan, Utah, United States
Enterprise, Washington, Utah, United States
Ephraim, Conejos, Colorado, United States
Ephraim, Sanpete, Utah, United States
Erda, Tooele, Utah, United States
Escalante, Garfield, Utah, United States
Etna, Lincoln, Wyoming, United States
Etna, Siskiyou, California, United States
Eureka, Utah, Utah, United States
Evans, Box Elder, Utah, United States
Evanston, Uinta, Wyoming, United States
Everett, Middlesex, Massachusetts, United States
Everett, Snohomish, Washington, United States
Fair View, Box Elder, Utah, United States
Fair View, Oneida, Idaho, United States
Fairfield, Camas, Idaho, United States
Fairfield, Utah, Utah, United States
Fairmont, Marion, West Virginia, United States
Fairview, Franklin, Idaho, United States
Fairview, Lincoln, Wyoming, United States
Fairview, Sanpete, Utah, United States
Fallon, Marin, California, United States
Farmington, Davis, Utah, United States
Farmington, San Juan, New Mexico, United States
Farnum, Fremont, Idaho, United States
Farr West, Weber, Utah, United States
Fayette, Sanpete, Utah, United States
Ferron, Emery, Utah, United States
Fielding, Box Elder, Utah, United States
Filer, Twin Falls, Idaho, United States
Fillmore, Millard, Utah, United States
Fir Grove, Cassia, Idaho, United States
Firestone Park, Los Angeles, California, United States
Firth, Bingham, Idaho, United States
Fish Haven, Bear Lake, Idaho, United States
Flagstaff, Coconino, Arizona, United States
Flowell, Millard, Utah, United States
Fort Bridger, Uinta, Wyoming, United States
Fort Duchesne, Uintah, Utah, United States
Fort Johnson, Iron, Utah, United States
Fort Sill, Comanche, Oklahoma, United States
Fort Thomas, Graham, Arizona, United States
Fort Worth, Tarrant, Texas, United States
Fountain Green, Sanpete, Utah, United States
Francis, Summit, Utah, United States
Frankburg, Foothills County, Alberta, Canada
Franklin, Franklin, Idaho, United States
Franklin, Greenlee, Arizona, United States
Franktown, Douglas, Colorado, United States
Fredonia, Coconino, Arizona, United States
Freedom, Lasselle, Illinois, United States
Freedom, Lincoln, Wyoming, United States
Freedom, Sanpete, Utah, United States
Freiberg, Mittelsachsen, Saxony, Germany
Fremont, Wayne, Utah, United States
Fresno, Fresno, California, United States
Fruita, Wayne, Utah, United States
Fruitland, San Juan, New Mexico, United States
Fullerton, Orange, California, United States
Gannett, Blaine, Idaho, United States
Garden City, Rich, Utah, United States
Garden Creek, Bannock, Idaho, United States
Garfield, Jefferson, Idaho, United States
Garfield, Salt Lake, Utah, United States
Garland, Box Elder, Utah, United States
Garland, Park, Wyoming, United States
Geneva, Bear Lake, Idaho, United States
Gentile Valley, Franklin, Idaho, United States
Georgetown, Bear Lake, Idaho, United States
Georgetown, Kane, Utah, United States
Geronimo, Graham, Arizona, United States
Gilbert, Maricopa, Arizona, United States
Giles, Wayne, Utah, United States
Gilmer, Upshur, Texas, United States
Glasgow, Valley, Montana, United States
Glen Huon, Tasmania, Australia
Glenbar, Graham, Arizona, United States
Glencoe, Bear Lake, Idaho, United States
Glencoe, Lincoln, Wyoming, United States
Glendale, Franklin, Idaho, United States
Glendale, Kane, Utah, United States
Glendale, Los Angeles, California, United States
Glendale, Maricopa, Arizona, United States
Glenwood, Cardston County, Alberta, Canada
Glenwood, Sevier, Utah, United States
Glines, Uintah, Utah, United States
Globe, Gila, Arizona, United States
Glückstadt, Steinburg, Schleswig-Holstein, Germany
Goldsboro, Wayne, North Carolina, United States
Gooding, Gooding, Idaho, United States
Goshen, Bingham, Idaho, United States
Goshen, Utah, Utah, United States
Grace, Caribou, Idaho, United States
Grafton, Washington, Utah, United States
Graham, Graham, Arizona, United States
Grahamstown, Albany, Cape Province, South Africa
Grand Junction, Mesa, Colorado, United States
Granger, Salt Lake, Utah, United States
Granite, Salt Lake, Utah, United States
Grant, Jefferson, Idaho, United States
Grantsville, Tooele, Utah, United States
Grass Creek, Summit, Utah, United States
Grass Valley, Washington, Utah, United States
Grassy Lake, MD of Taber, Alberta, Canada
Gray, Bonneville, Idaho, United States
Grayson, San Juan, Utah, United States
Great Falls, Cascade, Montana, United States
Green River, Carbon, Utah, United States
Green River, Sweetwater, Wyoming, United States
Greenville, Beaver, Utah, United States
Greenville, Cache, Utah, United States
Greenwich, Piute, Utah, United States
Greer, Apache, Arizona, United States
Gridley, Butte, California, United States
Groningen, Groningen, Netherlands
Grouse Creek, Box Elder, Utah, United States
Groveland, Bingham, Idaho, United States
Grover, Lincoln, Wyoming, United States
Grover, Wayne, Utah, United States
Grovont, Lincoln, Wyoming, United States
Gunlock, Washington, Utah, United States
Gunnison, Sanpete, Utah, United States
Gwenford, Oneida, Idaho, United States
Gävle, Gävleborg, Sweden
Haden, Teton, Idaho, United States
Hageman, Gooding, Idaho, United States
Hagerman, Lincoln, Nevada, United States
Haifa, Israel
Hailey, Blaine, Idaho, United States
Hamblin, Washington, Utah, United States
Hamilton, Ontario, Canada
Hamilton, Ravalli, Montana, United States
Hamiltons Fort, Iron, Utah, United States
Hammersmith, London, England, United Kingdom
Hanksville, Wayne, Utah, United States
Hanna, Duchesne, Utah, United States
Hannibal, Marion, Missouri, United States
Hannover, Hannover, Prussia, Germany
Haralson, Coweta, Georgia, United States
Harlem, Blaine, Montana, United States
Harper, Box Elder, Utah, United States
Harrisburg, Washington, Utah, United States
Harrisville, Weber, Utah, United States
Hartfort, Snohomish, Washington, United States
Hartleyville, Cardston County, Alberta, Canada
Hatch, Caribou, Idaho, United States
Hatch, Garfield, Utah, United States
Hatton, Millard, Utah, United States
Haverfordwest, Pembrokeshire, Wales, United Kingdom
Hawkins, Bannock, Idaho, United States
Hayden, Fremont, Idaho, United States
Hayden, Gila, Arizona, United States
Hayden, Uintah, Utah, United States
Hazel, Cassia, Idaho, United States
Hazelton, Jerome, Idaho, United States
Hazlehurst, Jeff Davis, Georgia, United States
Heber, Wasatch, Utah, United States
Heber-Overgaard, Navajo, Arizona, United States
Hebron, Washington, Utah, United States
Helena, Lewis and Clark, Montana, United States
Helper, Carbon, Utah, United States
Heman, Fremont, Idaho, United States
Henderson, Garfield, Utah, United States
Henefer, Summit, Utah, United States
Henrieville, Garfield, Utah, United States
Herbert, Madison, Idaho, United States
Herriman, Salt Lake, Utah, United States
Heyburn, Minidoka, Idaho, United States
Hibbard, Madison, Idaho, United States
Highland, Utah, Utah, United States
Hill Spring, Cardston County, Alberta, Canada
Hilliard, Uinta, Wyoming, United States
Hillsdale, Garfield, Utah, United States
Hinckley, Millard, Utah, United States
Holbrook, Navajo, Arizona, United States
Holbrook, Oneida, Idaho, United States
Holden, Millard, Utah, United States
Holladay, Salt Lake, Utah, United States
Home Gardens, Riverside, California, United States
Honeyville, Box Elder, Utah, United States
Honolulu, Oahu, Hawaii, United States
Hood River, Hood River, Oregon, United States
Hooper, Weber, Utah, United States
Hot Springs, Box Elder, Utah, United States
Howell, Box Elder, Utah, United States
Hoytsville, Summit, Utah, United States
Hubbard, Graham, Arizona, United States
Hunter, Salt Lake, Utah, United States
Huntington Park, Los Angeles, California, United States
Huntington, Emery, Utah, United States
Huntsville, Weber, Utah, United States
Hurricane, Washington, Utah, United States
Hyde Park, Cache, Utah, United States
Hyrum, Cache, Utah, United States
Ibapah, Tooele, Utah, United States
Idaho Falls, Bonneville, Idaho, United States
Imbler, Union, Oregon, United States
Independence, Jackson, Missouri, United States
Independence, Madison, Idaho, United States
Indianapolis, Marion, Indiana, United States
Indianola, Sanpete, Utah, United States
Inglewood, Los Angeles, California, United States
Inkom, Bannock, Idaho, United States
Ioka, Duchesne, Utah, United States
Iona, Bonneville, Idaho, United States
Iosepa, Tooele, Utah, United States
Iron City, Iron, Utah, United States
Irwin, Bonneville, Idaho, United States
Island Park, Fremont, Idaho, United States
Island, Cassia, Idaho, United States
Ivins, Washington, Utah, United States
Jackson, Jackson, Michigan, United States
Jackson, Lincoln, Wyoming, United States
Jackson, Teton, Wyoming, United States
Jacksonville, Duval, Florida, United States
Jameston, Bingham, Idaho, United States
Jensen, Uintah, Utah, United States
Jerome, Jerome, Idaho, United States
Johnson, Kane, Utah, United States
Jordan, Salt Lake, Utah, United States
Joseph City, Navajo, Arizona, United States
Joseph, Sevier, Utah, United States
Juab, Juab, Utah, United States
Junction, Piute, Utah, United States
Juniper, Oneida, Idaho, United States
Juárez, Juárez, Chihuahua, Mexico
Kaliningrad, Kaliningrad, Russia
Kamas, Summit, Utah, United States
Kanab, Kane, Utah, United States
Kanarraville, Iron, Utah, United States
Kane, Big Horn, Wyoming, United States
Kanesville, Weber, Utah, United States
Kanosh, Millard, Utah, United States
Kansas City, Jackson, Missouri, United States
Karibib, Karibib, Erongo, Namibia
Kaysville, Davis, Utah, United States
Kemmerer, Uinta, Wyoming, United States
Kenilworth, Carbon, Utah, United States
Kent, King, Washington, United States
Kilgore, Clark, Idaho, United States
Kimball, Bingham, Idaho, United States
Kimball, Cardston County, Alberta, Canada
Kimberly, Twin Falls, Idaho, United States
Kingston Fort, Davis, Utah, United States
Kingston, Piute, Utah, United States
Kingston, Ulster, New York, United States
Kirtland, San Juan, New Mexico, United States
Kline, La Plata, Colorado, United States
Knight, Uinta, Wyoming, United States
Knightville, Juab, Utah, United States
Koosharem, Sevier, Utah, United States
Kuna, Ada, Idaho, United States
Köln, North Rhine-Westphalia, Germany
La Grande, Union, Oregon, United States
La Jara, Conejos, Colorado, United States
La Plata, La Plata, Colorado, United States
La Sal, San Juan, Utah, United States
La Verkin, Washington, Utah, United States
Labelle, Fremont, Idaho, United States
Lago, Caribou, Idaho, United States
Lake Point, Tooele, Utah, United States
Lake Shore, Utah, Utah, United States
Lake View, Tooele, Utah, United States
Lakeside, Navajo, Arizona, United States
Laketown, Rich, Utah, United States
Lanark, Bear Lake, Idaho, United States
Lankershim, Los Angeles, California, United States
Lapoint, Uintah, Utah, United States
Lark, Salt Lake, Utah, United States
Las Vegas, Clark, Nevada, United States
Lausanne, Vaud, Switzerland
Lava Hot Springs, Bannock, Idaho, United States
Lawrence, Emery, Utah, United States
Layton, Davis, Utah, United States
Leamington, Millard, Utah, United States
Leavenworth, Leavenworth, Kansas, United States
Leavitt, Cardston County, Alberta, Canada
Lebanon, Graham, Arizona, United States
Leduc, Alturas, Idaho, United States
Lee, Morgan, Utah, United States
Leeds, Washington, Utah, United States
Lees Ferry, Coconino, Arizona, United States
Lehi, Maricopa, Arizona, United States
Lehi, Utah, Utah, United States
Leigh, Fremont, Idaho, United States
Leland, Utah, Utah, United States
Leorin, Bingham, Idaho, United States
Leota, Uintah, Utah, United States
Leslie, Custer, Idaho, United States
Letha, Gem, Idaho, United States
Lethbridge, Alberta, Canada
Levan, Juab, Utah, United States
Lewiston, Cache, Utah, United States
Lewisville, Jefferson, Idaho, United States
Liberty, Bear Lake, Idaho, United States
Liberty, Uintah, Utah, United States
Liberty, Weber, Utah, United States
Lima, Beaverhead, Montana, United States
Lincoln, Bonneville, Idaho, United States
Lincoln, Tooele, Utah, United States
Linden, Navajo, Arizona, United States
Lindon, Utah, Utah, United States
Littlefield, Mohave, Arizona, United States
Littleton, Morgan, Utah, United States
Loa, Wayne, Utah, United States
Logan, Cache, Utah, United States
Logandale, Clark, Nevada, United States
London, England, United Kingdom
Long Beach, Los Angeles, California, United States
Lordsburg, Hidalgo, New Mexico, United States
Lorenzo, Jefferson, Idaho, United States
Los Angeles, Los Angeles, California, United States
Los Cerritos, Conejos, Colorado, United States
Lost River, Butte, Idaho, United States
Lovell, Big Horn, Wyoming, United States
Lovendahl, Salt Lake, Utah, United States
Lowell, Cochise, Arizona, United States
Loyalton, Sierra, California, United States
Lubbock, Lubbock, Texas, United States
Luna, Catron, New Mexico, United States
Lund, Caribou, Idaho, United States
Lund, Lund, Skåne, Sweden
Lund, White Pine, Nevada, United States
Lyman, Madison, Idaho, United States
Lyman, Uinta, Wyoming, United States
Lyman, Wayne, Utah, United States
Lynn, Box Elder, Utah, United States
Lynndyl, Millard, Utah, United States
Macdoel, Siskiyou, California, United States
Machynlleth, Montgomeryshire, Wales, United Kingdom
Mackay, Custer, Idaho, United States
Maeser, Uintah, Utah, United States
Magna, Salt Lake, Utah, United States
Magrath, Cardston County, Alberta, Canada
Malad, Oneida, Idaho, United States
Malmö, Malmö, Skåne, Sweden
Malta, Cassia, Idaho, United States
Mammoth, Juab, Utah, United States
Manard Precinct, Blaine, Idaho, United States
Manassa, Conejos, Colorado, United States
Mancos, Montezuma, Colorado, United States
Manhattan, New York City, New York, United States
Manila, Daggett, Utah, United States
Manti, Sanpete, Utah, United States
Mantua, Box Elder, Utah, United States
Mapleton, Franklin, Idaho, United States
Mapleton, Utah, Utah, United States
Marianna, Jackson, Florida, United States
Marion, Cassia, Idaho, United States
Marion, Summit, Utah, United States
Marley, Lincoln, Idaho, United States
Marriott-Slaterville, Weber, Utah, United States
Marsh Center, Bannock, Idaho, United States
Marsh Valley, Bannock, Idaho, United States
Marysvale, Piute, Utah, United States
Marysville, Fremont, Idaho, United States
Marysville, Yuba, California, United States
Matachí, Matachí, Chihuahua, Mexico
Mayfield, Sanpete, Utah, United States
Maywood, Los Angeles, California, United States
McCammon, Bannock, Idaho, United States
McGill, White Pine, Nevada, United States
McKinley Township, Ward, North Dakota, United States
McPherson, McPherson, Kansas, United States
Meadow, Millard, Utah, United States
Meadowville, Rich, Utah, United States
Meeteetse, Park, Wyoming, United States
Melba, Canyon, Idaho, United States
Menan, Jefferson, Idaho, United States
Mendon, Cache, Utah, United States
Mercur, Tooele, Utah, United States
Meridian, Ada, Idaho, United States
Merrill, Bannock, Idaho, United States
Merthyr Tydfil, Glamorgan, Wales, United Kingdom
Mesa, Maricopa, Arizona, United States
Mesquite, Clark, Nevada, United States
Metropolis, Elko, Nevada, United States
Miami, Gila, Arizona, United States
Middleton, Washington, Utah, United States
Midvale, Salt Lake, Utah, United States
Midview, Duchesne, Wasatch, Utah, United States
Midway, Wasatch, Utah, United States
Milburn, Sanpete, Utah, United States
Milford, Beaver, Utah, United States
Millburne, Uinta, Wyoming, United States
Millcreek, Salt Lake, Utah, United States
Miller, Salt Lake, Utah, United States
Millville, Cache, Utah, United States
Milo, Bonneville, Idaho, United States
Milston, Jackson, Wisconsin, United States
Milton, Morgan, Utah, United States
Milwaukee, Milwaukee, Wisconsin, United States
Minersville, Beaver, Utah, United States
Mink Creek, Franklin, Idaho, United States
Minneapolis, Hennepin, Minnesota, United States
Moab, Grand, Utah, United States
Moapa, Clark, Nevada, United States
Moccasin, Mohave, Arizona, United States
Modesto, Stanislaus, California, United States
Mohrland, Emery, Utah, United States
Molen, Emery, Utah, United States
Mona, Juab, Utah, United States
Monkton, Pembrokeshire, Wales, United Kingdom
Monroe, Sevier, Utah, United States
Montague, Siskiyou, California, United States
Montebello, Los Angeles, California, United States
Monticello, San Juan, Utah, United States
Montpelier, Bear Lake, Idaho, United States
Moore, Butte, Idaho, United States
Moore, Emery, Utah, United States
Moreland, Bingham, Idaho, United States
Morgan, Morgan, Utah, United States
Morganville, Conejos, Colorado, United States
Moroni, Sanpete, Utah, United States
Moulton, Box Elder, Utah, United States
Mount Carmel, Kane, Utah, United States
Mount Emmons, Duchesne, Utah, United States
Mount Emmons, Wasatch, Utah, United States
Mount Glen, Union, Oregon, United States
Mount Hebron, Siskiyou, California, United States
Mount Pleasant, Sanpete, Utah, United States
Mount Sterling, Cache, Utah, United States
Mount Trumbull, Mohave, Arizona, United States
Mountain Dell, Salt Lake, Utah, United States
Mountain Home, Duchesne, Utah, United States
Mountain View, Cardston County, Alberta, Canada
Murray, Salt Lake, Utah, United States
Murtaugh, Twin Falls, Idaho, United States
Myton, Duchesne, Utah, United States
Naf, Cassia, Idaho, United States
Nampa, Canyon, Idaho, United States
Nantyglo, Monmouthshire, Wales, United Kingdom
Naples, Uintah, Utah, United States
Nauvoo, Hancock, Illinois, United States
Neeley, Power, Idaho, United States
Neola, Duchesne, Utah, United States
Nephi, Juab, Utah, United States
Nephi, Maricopa, Arizona, United States
Nevada City, Nevada, California, United States
New Harmony, Washington, Utah, United States
New York City, New York, United States
Newark, Essex, New Jersey, United States
Newcastle, Iron, Utah, United States
Newdale, Fremont, Idaho, United States
Newton, Cache, Utah, United States
Nibley, Cache, Utah, United States
Nibley, Union, Oregon, United States
Niter, Caribou, Idaho, United States
Norfolk, Virginia, United States
North Logan, Cache, Utah, United States
North Ogden, Weber, Utah, United States
North Point, Salt Lake, Utah, United States
Notom, Wayne, Utah, United States
Nottingham, Nottinghamshire, England, United Kingdom
Nounan, Bear Lake, Idaho, United States
Nutrioso, Apache, Arizona, United States
Nyssa, Malheur, Oregon, United States
Oak City, Millard, Utah, United States
Oakland, Alameda, California, United States
Oakley, Cassia, Idaho, United States
Oakley, Summit, Utah, United States
Oasis, Millard, Utah, United States
Ogden, Weber, Utah, United States
Ola, Gem, Idaho, United States
Old Fort Harmony, Washington, Utah, United States
Olympia, Thurston, Washington, United States
Omaha, Douglas, Nebraska, United States
Ontario, Malheur, Oregon, United States
Oquirrh, Salt Lake, Utah, United States
Ora, Fremont, Idaho, United States
Orangeville, Emery, Utah, United States
Orderville, Kane, Utah, United States
Orem, Utah, Utah, United States
Orimo, Bannock, Idaho, United States
Orland, Glenn, California, United States
Oroville, Butte, California, United States
Orton, MD of Willow Creek No. 26, Alberta, Canada
Osgood, Bonneville, Idaho, United States
Oslo, Norway
Osmond Community, Lincoln, Wyoming, United States
Otis, Bingham, Idaho, United States
Otto, Big Horn, Wyoming, United States
Ouray, Uintah, Utah, United States
Overton, Clark, Nevada, United States
Ovid, Bear Lake, Idaho, United States
Oxford, Franklin, Idaho, United States
Ozone, Bonneville, Idaho, United States
Paisley, Renfrewshire, Scotland, United Kingdom
Palisades, Bonneville, Idaho, United States
Palmyra, Utah, Utah, United States
Palmyra, Wayne, New York, United States
Palo Alto, Santa Clara, California, United States
Panaca, Lincoln, Nevada, United States
Panguitch, Garfield, Utah, United States
Paradise, Cache, Utah, United States
Paragonah, Iron, Utah, United States
Paria, Kane, Utah, United States
Paris, Bear Lake, Idaho, United States
Park City, Summit, Utah, United States
Park Valley, Box Elder, Utah, United States
Parker, Fremont, Idaho, United States
Parleys Park, Summit, Utah, United States
Parowan, Iron, Utah, United States
Pasadena, Los Angeles, California, United States
Paul, Minidoka, Idaho, United States
Pauline, Power, Idaho, United States
Pawtucket, Providence, Rhode Island, United States
Payson, Utah, Utah, United States
Pea Ridge, Washington, Missouri, United States
Pebble, Bannock, Idaho, United States
Pella, Cassia, Idaho, United States
Penrose, Big Horn, Wyoming, United States
Penrose, Box Elder, Utah, United States
Peoa, Summit, Utah, United States
Perry, Box Elder, Utah, United States
Perry, Franklin, Idaho, United States
Perry, Fremont, Idaho, United States
Petersboro, Cache, Utah, United States
Peterson, Morgan, Utah, United States
Pettyville, Sanpete, Utah, United States
Philadelphia, Pennsylvania, United States
Phoenix, Maricopa, Arizona, United States
Picabo, Blaine, Idaho, United States
Picture Butte, Alberta, Canada
Piedmont, Uinta, Wyoming, United States
Pima, Graham, Arizona, United States
Pine Coulee, MD of Willow Creek No. 26, Alberta, Canada
Pine Creek, Beaver, Utah, United States
Pine Valley, Washington, Utah, United States
Pine, Gila, Arizona, United States
Pine, Maricopa, Arizona, United States
Pinedale, Navajo, Arizona, United States
Pinetop-Lakeside, Navajo, Arizona, United States
Pinto, Washington, Utah, United States
Pioche, Lincoln, Nevada, United States
Plain City, Weber, Utah, United States
Plano, Fremont, Idaho, United States
Platoro, Conejos, Colorado, United States
Pleasant Grove, Utah, Utah, United States
Pleasant View, Weber, Utah, United States
Pleasantview, Oneida, Idaho, United States
Plymouth, Box Elder, Utah, United States
Pocatello, Bannock, Idaho, United States
Poe, Logan, Kansas, United States
Point Lookout, Box Elder, Utah, United States
Pokeahon, Cass, Michigan, United States
Pomerene, Cochise, Arizona, United States
Pompano, Broward, Florida, United States
Poplar, Bonneville, Idaho, United States
Portage, Box Elder, Utah, United States
Porterville, Morgan, Utah, United States
Portland, Multnomah, Oregon, United States
Portneuf, Bannock, Idaho, United States
Prescott, Yavapai, Arizona, United States
Presto, Bingham, Idaho, United States
Preston, Oneida, Idaho, United States
Preston, White Pine, Nevada, United States
Price, Emery, Utah, United States
Prospect, Bonneville, Idaho, United States
Providence, Cache, Utah, United States
Provo, Utah, Utah, United States
Purple Springs, MD of Taber, Alberta, Canada
Queen Anne, King, Washington, United States
Quincy, Adams, Illinois, United States
Rabbit Valley, Wayne, Utah, United States
Racine, Racine, Wisconsin, United States
Raft River, Cassia, Idaho, United States
Ramah, McKinley, New Mexico, United States
Ranch, Kane, Utah, United States
Ranch, Rocky View County, Alberta, Canada
Randlett, Uintah, Utah, United States
Randolph, Rich, Utah, United States
Rapid City, Pennington, South Dakota, United States
Rathdrum, Kootenai, Idaho, United States
Rathenow, Havelland, Brandenburg, Germany
Rawlins, Rawlins, Kansas, United States
Ray, Pinal, Arizona, United States
Raymond, Bear Lake, Idaho, United States
Raymond, County of Warner No. 5, Alberta, Canada
Read, Millard, Utah, United States
Red Mesa, La Plata, Colorado, United States
Redland, Graham, Arizona, United States
Redmond, Sevier, Utah, United States
Reliance, Sweetwater, Wyoming, United States
Remington, Bear Lake, Idaho, United States
Reno, Washoe, Nevada, United States
Renton, King, Washington, United States
Rexburg, Madison, Idaho, United States
Rhymney, Monmouthshire, Wales, United Kingdom
Rich, Bingham, Idaho, United States
Richfield, Apache, Arizona, United States
Richfield, Conejos, Colorado, United States
Richfield, Lincoln, Idaho, United States
Richfield, Sevier, Utah, United States
Richmond, Cache, Utah, United States
Richville, Morgan, Utah, United States
Ridgedale, Oneida, Idaho, United States
Ridgewood, Bergen, New Jersey, United States
Rigby, Jefferson, Idaho, United States
Ririe, Jefferson, Idaho, United States
Riter, Salt Lake, Utah, United States
River Heights, Cache, Utah, United States
Riverdale, Franklin, Idaho, United States
Riverdale, Weber, Utah, United States
Riverside, Bingham, Idaho, United States
Riverside, Box Elder, Utah, United States
Riverside, San Bernardino, California, United States
Riverton, Salt Lake, Utah, United States
Roberts, Jefferson, Idaho, United States
Robertson, Uinta, Wyoming, United States
Robin, Bannock, Idaho, United States
Rochester, Olmsted, Minnesota, United States
Rock Springs, Sweetwater, Wyoming, United States
Rockland, Power, Idaho, United States
Rockport, Summit, Utah, United States
Rockville, Washington, Utah, United States
Romeo, Conejos, Colorado, United States
Roosevelt, Duchesne, Utah, United States
Rose, Bingham, Idaho, United States
Rosemead, Los Angeles, California, United States
Rosette, Box Elder, Utah, United States
Roseville, Placer, California, United States
Rotterdam, South Holland, Netherlands
Round Valley, Rich, Utah, United States
Roy, Weber, Utah, United States
Royalton, Niagara, New York, United States
Rudy, Fremont, Idaho, United States
Rupert, Minidoka, Idaho, United States
Rush Lake, Iron, Utah, United States
Rush Valley, Tooele, Utah, United States
Saarbrücken, Saarland, Germany
Sacramento, Sacramento, California, United States
Safford, Graham, Arizona, United States
Saint Brides, Pembrokeshire, Wales, United Kingdom
Saint Charles, Bear Lake, Idaho, United States
Saint David, Cochise, Arizona, United States
Saint John, Tooele, Utah, United States
Saint Johns, Apache, Arizona, United States
Saint Johns, Oneida, Idaho, United States
Saint Paul, Ramsey, Minnesota, United States
Saint Thomas, Clark, Nevada, United States
Salem, Madison, Idaho, United States
Salem, Utah, Utah, United States
Salina, Sevier, Utah, United States
Salinas, Monterey, California, United States
Salmon, Lemhi, Idaho, United States
Salt Lake City, Salt Lake, Utah, United States
Samaria, Oneida, Idaho, United States
Samedan, Graubünden, Switzerland
San Bernardino, San Bernardino, California, United States
San Diego, San Diego, California, United States
San Francisco, San Francisco, California, United States
San Jacinto, Elko, Nevada, United States
San Jose, Santa Clara, California, United States
San Pedro, Pima, Arizona, United States
Sandy, Salt Lake, Utah, United States
Sanford, Conejos, Colorado, United States
Santa Ana, Orange, California, United States
Santa Barbara, Santa Barbara, California, United States
Santa Clara, Washington, Utah, United States
Santa Monica, Los Angeles, California, United States
Santaquin, Utah, Utah, United States
Savannah, Chatham, Georgia, United States
Scipio, Millard, Utah, United States
Scofield, Carbon, Utah, United States
Seattle, King, Washington, United States
Seorin, Bingham, Idaho, United States
Sevier, Sevier, Utah, United States
Sharon, Bear Lake, Idaho, United States
Shelby, Bingham, Idaho, United States
Shell, Big Horn, Wyoming, United States
Shelley, Bingham, Idaho, United States
Shelton, Jefferson, Idaho, United States
Shonesburg, Washington, Utah, United States
Shoshone, White Pine, Nevada, United States
Show Low, Navajo, Arizona, United States
Shumway, Navajo, Arizona, United States
Sigurd, Sevier, Utah, United States
Silver City, Juab, Utah, United States
Skull Valley, Yavapai, Arizona, United States
Slesvig, Føllenslev, Holbæk, Denmark
Smithfield, Cache, Utah, United States
Smoot, Lincoln, Wyoming, United States
Smyths, Beaver, Utah, United States
Snake River, Menan, Idaho, United States
Snowflake, Navajo, Arizona, United States
Snowville, Box Elder, Utah, United States
Socorro, Socorro, New Mexico, United States
Soda Springs, Caribou, Idaho, United States
Soldier, Camas, Idaho, United States
Solomon, Graham, Arizona, United States
Somerset, Gunnison, Colorado, United States
South Davis, Weber, Utah, United States
South Gate, Los Angeles, California, United States
South Jordan, Salt Lake, Utah, United States
South Salt Lake, Salt Lake, Utah, United States
South Shields, Durham, England, United Kingdom
South Weber, Davis, Utah, United States
Southampton, Hampshire, England, United Kingdom
Sovetsk, Kaliningrad, Russia
Spanish Fork, Utah, Utah, United States
Sparks, Washoe, Nevada, United States
Spokane, Spokane, Washington, United States
Spring Canyon, Carbon, Utah, United States
Spring City, Sanpete, Utah, United States
Spring Coulee, Cardston County, Alberta, Canada
Spring Glen, Carbon, Utah, United States
Spring Lake, Utah, Utah, United States
Springdale, Cassia, Idaho, United States
Springdale, Washington, Utah, United States
Springerville, Apache, Arizona, United States
Springfield, Bingham, Idaho, United States
Springville, Apache, Arizona, United States
Springville, Utah, Utah, United States
St George, Washington, Utah, United States
St. Anthony, Fremont, Idaho, United States
St. Charles, Bear Lake, Idaho, United States
St. Helens, Columbia, Oregon, United States
Star Valley, Lincoln, Wyoming, United States
Stateline, Iron, Utah, United States
Stavely, MD of Willow Creek No. 26, Alberta, Canada
Sterling, Bingham, Idaho, United States
Sterling, Sanpete, Utah, United States
Stirling, County of Warner No. 5, Alberta, Canada
Stockholm, Stockholm, Sweden
Stockton, San Joaquin, California, United States
Stoddardville, Morgan, Utah, United States
Stone, Oneida, Idaho, United States
Sublett, Cassia, Idaho, United States
Sugar City, Madison, Idaho, United States
Sullivan, Franklin, Missouri, United States
Sumaria, Oneida, Idaho, United States
Summit, Iron, Utah, United States
Summit, Oneida, Idaho, United States
Sunnydell, Madison, Idaho, United States
Sunnyside, Carbon, Utah, United States
Sunset, Davis, Utah, United States
Sunset, Graham, Arizona, United States
Susanville, Lassen, California, United States
Sutherland, Millard, Utah, United States
Sutter, Sutter, California, United States
Sutton in Ashfield, Nottinghamshire, England, United Kingdom
Swan Lake, Bannock, Idaho, United States
Swansea, Swansea, Wales, United Kingdom
Syracuse, Davis, Utah, United States
Taber, MD of Taber, Alberta, Canada
Tabiona, Duchesne, Utah, United States
Tacoma, Pierce, Washington, United States
Talmage, Duchesne, Utah, United States
Tampa, Hillsborough, Florida, United States
Taylor, Bonneville, Idaho, United States
Taylor, Navajo, Arizona, United States
Taylor, Weber, Utah, United States
Taylorsville, Salt Lake, Utah, United States
Taylorville, Cardston County, Alberta, Canada
Teasdale, Wayne, Utah, United States
Tempe, Maricopa, Arizona, United States
Terreton, Jefferson, Idaho, United States
Teton, Fremont, Idaho, United States
Tetonia, Teton, Idaho, United States
Thatcher, Box Elder, Utah, United States
Thatcher, Franklin, Idaho, United States
Thatcher, Graham, Arizona, United States
Thayne, Lincoln, Wyoming, United States
Thermopolis, Hot Springs, Wyoming, United States
Thistle, Utah, Utah, United States
Thomas, Bingham, Idaho, United States
Thornton, Madison, Idaho, United States
Tilden, Bingham, Idaho, United States
Tooele, Tooele, Utah, United States
Topaz, Bannock, Idaho, United States
Toppenish, Yakima, Washington, United States
Toquerville, Washington, Utah, United States
Toronto, Ontario, Canada
Torrey, Wayne, Utah, United States
Treasureton, Franklin, Idaho, United States
Tremonton, Box Elder, Utah, United States
Trenton, Cache, Utah, United States
Tridell, Uintah, Utah, United States
Tropic, Garfield, Utah, United States
Trout Creek, Tooele, Utah, United States
Trowbridge, Wiltshire, England, United Kingdom
Tuba City, Coconino, Arizona, United States
Tucson, Pima, Arizona, United States
Turner, Caribou, Idaho, United States
Turnpike, Bear Lake, Idaho, United States
Tuttle, Gooding, Idaho, United States
Twin Butte, MD of Pincher Creek No. 9, Alberta, Canada
Twin Falls, Twin Falls, Idaho, United States
Twin Groves, Fremont, Idaho, United States
Tywyn, Merionethshire, Wales, United Kingdom
Ucon, Bonneville, Idaho, United States
Uintah, Weber, Utah, United States
Union, Jefferson, Idaho, United States
Union, Salt Lake, Utah, United States
Union, Union, Oregon, United States
Unity, Cassia, Idaho, United States
Upalco, Duchesne, Utah, United States
Upton, Summit, Utah, United States
Valdosta, Lownes, Georgia, United States
Vancouver, British Columbia, Canada
Vaughn, Cascade, Montana, United States
Venice, Sevier, Utah, United States
Verdure, San Juan, Utah, United States
Vermillion, Sevier, Utah, United States
Vernal, Uintah, Utah, United States
Vernon, Apache, Arizona, United States
Vernon, Fremont, Idaho, United States
Vernon, Tooele, Utah, United States
Veyo, Washington, Utah, United States
Victor, Teton, Idaho, United States
View, Cassia, Idaho, United States
Vineyard, Utah, Utah, United States
Virden, Hidalgo, New Mexico, United States
Virgin, Washington, Utah, United States
Virginia, Bannock, Idaho, United States
Visalia, Tulare, California, United States
Vrejlev, Hjørring, Nordjylland, Denmark
Wabuska, Lyon, Nevada, United States
Wahsatch, Summit, Utah, United States
Wailuku, Maui, Hawaii, United States
Wales, Sanpete, Utah, United States
Wallace, Wallace, Kansas, United States
Wallsburg, Wasatch, Utah, United States
Walnut Park, Los Angeles, California, United States
Wanship, Summit, Utah, United States
Wapello, Bingham, Idaho, United States
Wardboro, Bear Lake, Idaho, United States
Warren, Weber, Utah, United States
Washakie, Box Elder, Utah, United States
Washington, District Of Columbia, United States
Washington, Washington, Utah, United States
Waterflow, San Juan, New Mexico, United States
Waterloo Township, Cavalier, North Dakota, United States
Wayan, Caribou, Idaho, United States
Waynesville, Wayne Township, Warren, Ohio, United States
Webb, Maricopa, Arizona, United States
Weiser, Washington, Idaho, United States
Welling, Cardston County, Alberta, Canada
Wellington, Carbon, Utah, United States
Wells Township, Wells, North Dakota, United States
Wells, Elko, Nevada, United States
Wellsburg, Wasatch, Utah, United States
Wellsville, Cache, Utah, United States
Wellton, Yuma, Arizona, United States
Wendell, Gooding, Idaho, United States
West Jordan, Salt Lake, Utah, United States
West Point, Davis, Utah, United States
West Portage, Box Elder, Utah, United States
West Porterville, Morgan, Utah, United States
West Valley City, Salt Lake, Utah, United States
West Walton, Norfolk, England, United Kingdom
West Weber, Weber, Utah, United States
Weston, Franklin, Idaho, United States
Whitewater, Grant, New Mexico, United States
Whitman, Logan, West Virginia, United States
Whitney, Franklin, Idaho, United States
Whittier, Winnipeg, Manitoba, Canada
Widtsoe, Garfield, Utah, United States
Wilford, Apache, Arizona, United States
Wilford, Fremont, Idaho, United States
Willard, Box Elder, Utah, United States
Williams, Bannock, Idaho, United States
Willmont, Piute, Utah, United States
Wilson, Teton, Wyoming, United States
Wilson, Weber, Utah, United States
Winder, Franklin, Idaho, United States
Windsor, Essex, Ontario, Canada
Winnemucca, Humboldt, Nevada, United States
Winnipeg, Manitoba, Canada
Winslow, Navajo, Arizona, United States
Winter Quarters, Carbon, Utah, United States
Woodland, Summit, Utah, United States
Woodruff, Navajo, Arizona, United States
Woodruff, Oneida, Idaho, United States
Woodruff, Rich, Utah, United States
Woods Cross, Davis, Utah, United States
Woodville, Bingham, Idaho, United States
Woolford, Alberta, Canada
Worland, Washakie, Wyoming, United States
Worley, Kootenai, Idaho, United States
Wrentham, County of Warner No. 5, Alberta, Canada
Yakima, Yakima, Washington, United States
Yost, Box Elder, Utah, United States
Young, Gila, Arizona, United States
Yreka, Siskiyou, California, United States
Yuba City, Sutter, California, United States
Zapato, Costilla, Colorado, United States
Zurich, Blaine, Montana, United States
Zurich, Zurich, Switzerland